Outcome,Coefficient,P-value
income,-902.1606268292614,0.05040534276340849
population,-96.77945098714524,0.0406684017740761
house_value,3299.6197265234787,0.48845531122768926
rent,-17.646549225985854,0.28659774192444815
unemployment,-0.0029010608106016084,0.000498185406848674
poverty,-0.0044946525656875385,0.01884414059163886
